variant_id,sample_id,type,genotype
chr1:36933096:T/C,Patient-1,germline,0
chr1:36933096:T/C,Patient-2,germline,0
chr1:36933096:T/C,Patient-3,germline,1
chr1:36933096:T/C,Patient-4,germline,0
chr1:115256669:G/A,Patient-1,germline,2
chr1:115256669:G/A,Patient-2,germline,1
chr1:115256669:G/A,Patient-3,germline,2
chr1:115256669:G/A,Patient-4,germline,2
chr1:115258744:C/A,Patient-1,germline,0
chr1:115258744:C/A,Patient-2,germline,0
chr1:115258744:C/A,Patient-3,germline,0
chr1:115258744:C/A,Patient-4,germline,0
chr1:115258747:C/G,Patient-1,germline,0
chr1:115258747:C/G,Patient-2,germline,0
chr1:115258747:C/G,Patient-3,germline,0
chr1:115258747:C/G,Patient-4,germline,0
chr1:115258748:C/T,Patient-1,germline,0
chr1:115258748:C/T,Patient-2,germline,0
chr1:115258748:C/T,Patient-3,germline,1
chr1:115258748:C/T,Patient-4,germline,0
chr1:154380486:G/A,Patient-1,germline,1
chr1:154380486:G/A,Patient-2,germline,2
chr1:154380486:G/A,Patient-3,germline,2
chr1:154380486:G/A,Patient-4,germline,1
chr2:25457176:GGAGCGAA/G,Patient-1,germline,0
chr2:25457176:GGAGCGAA/G,Patient-2,germline,0
chr2:25457176:GGAGCGAA/G,Patient-3,germline,0
chr2:25457176:GGAGCGAA/G,Patient-4,germline,0
chr2:25457231:G/A,Patient-1,germline,0
chr2:25457231:G/A,Patient-2,germline,0
chr2:25457231:G/A,Patient-3,germline,0
chr2:25457231:G/A,Patient-4,germline,0
chr2:25457242:C/T,Patient-1,germline,1
chr2:25457242:C/T,Patient-2,germline,0
chr2:25457242:C/T,Patient-3,germline,1
chr2:25457242:C/T,Patient-4,germline,0
chr2:25458546:C/T,Patient-1,germline,2
chr2:25458546:C/T,Patient-2,germline,1
chr2:25458546:C/T,Patient-3,germline,1
chr2:25458546:C/T,Patient-4,germline,0
chr2:25463483:G/A,Patient-1,germline,1
chr2:25463483:G/A,Patient-2,germline,2
chr2:25463483:G/A,Patient-3,germline,0
chr2:25463483:G/A,Patient-4,germline,0
chr2:25469913:C/T,Patient-1,germline,2
chr2:25469913:C/T,Patient-2,germline,2
chr2:25469913:C/T,Patient-3,germline,1
chr2:25469913:C/T,Patient-4,germline,0
chr2:145164666:T/C,Patient-1,germline,1
chr2:145164666:T/C,Patient-2,germline,2
chr2:145164666:T/C,Patient-3,germline,2
chr2:145164666:T/C,Patient-4,germline,1
chr2:198265526:A/G,Patient-1,germline,1
chr2:198265526:A/G,Patient-2,germline,2
chr2:198265526:A/G,Patient-3,germline,1
chr2:198265526:A/G,Patient-4,germline,1
chr2:198283305:T/C,Patient-1,germline,1
chr2:198283305:T/C,Patient-2,germline,2
chr2:198283305:T/C,Patient-3,germline,1
chr2:198283305:T/C,Patient-4,germline,1
chr2:209113112:C/T,Patient-1,germline,0
chr2:209113112:C/T,Patient-2,germline,0
chr2:209113112:C/T,Patient-3,germline,1
chr2:209113112:C/T,Patient-4,germline,0
chr2:209113113:G/A,Patient-1,germline,1
chr2:209113113:G/A,Patient-2,germline,0
chr2:209113113:G/A,Patient-3,germline,0
chr2:209113113:G/A,Patient-4,germline,1
chr2:209113113:G/C,Patient-1,germline,0
chr2:209113113:G/C,Patient-2,germline,0
chr2:209113113:G/C,Patient-3,germline,0
chr2:209113113:G/C,Patient-4,germline,0
chr2:209113113:G/T,Patient-1,germline,0
chr2:209113113:G/T,Patient-2,germline,0
chr2:209113113:G/T,Patient-3,germline,0
chr2:209113113:G/T,Patient-4,germline,0
chr3:49784777:T/C,Patient-1,germline,1
chr3:49784777:T/C,Patient-2,germline,1
chr3:49784777:T/C,Patient-3,germline,1
chr3:49784777:T/C,Patient-4,germline,2
chr3:128200806:G/A,Patient-1,germline,1
chr3:128200806:G/A,Patient-2,germline,0
chr3:128200806:G/A,Patient-3,germline,0
chr3:128200806:G/A,Patient-4,germline,0
chr4:55599291:C/T,Patient-1,germline,0
chr4:55599291:C/T,Patient-2,germline,0
chr4:55599291:C/T,Patient-3,germline,0
chr4:55599291:C/T,Patient-4,germline,0
chr4:55599429:C/T,Patient-1,germline,1
chr4:55599429:C/T,Patient-2,germline,0
chr4:55599429:C/T,Patient-3,germline,0
chr4:55599429:C/T,Patient-4,germline,0
chr4:55599436:T/C,Patient-1,germline,1
chr4:55599436:T/C,Patient-2,germline,1
chr4:55599436:T/C,Patient-3,germline,1
chr4:55599436:T/C,Patient-4,germline,2
chr4:106155199:C/T,Patient-1,germline,1
chr4:106155199:C/T,Patient-2,germline,0
chr4:106155199:C/T,Patient-3,germline,0
chr4:106155199:C/T,Patient-4,germline,0
chr4:106155640:A/G,Patient-1,germline,0
chr4:106155640:A/G,Patient-2,germline,0
chr4:106155640:A/G,Patient-3,germline,0
chr4:106155640:A/G,Patient-4,germline,0
chr4:106155751:G/A,Patient-1,germline,1
chr4:106155751:G/A,Patient-2,germline,0
chr4:106155751:G/A,Patient-3,germline,0
chr4:106155751:G/A,Patient-4,germline,0
chr4:106194051:G/A,Patient-1,germline,1
chr4:106194051:G/A,Patient-2,germline,0
chr4:106194051:G/A,Patient-3,germline,0
chr4:106194051:G/A,Patient-4,germline,0
chr4:106197425:A/T,Patient-1,germline,0
chr4:106197425:A/T,Patient-2,germline,0
chr4:106197425:A/T,Patient-3,germline,0
chr4:106197425:A/T,Patient-4,germline,0
chr4:153241637:A/G,Patient-1,germline,1
chr4:153241637:A/G,Patient-2,germline,0
chr4:153241637:A/G,Patient-3,germline,0
chr4:153241637:A/G,Patient-4,germline,1
chr5:170819887:G/A,Patient-1,germline,1
chr5:170819887:G/A,Patient-2,germline,0
chr5:170819887:G/A,Patient-3,germline,1
chr5:170819887:G/A,Patient-4,germline,0
chr5:170837457:A/G,Patient-1,germline,1
chr5:170837457:A/G,Patient-2,germline,0
chr5:170837457:A/G,Patient-3,germline,0
chr5:170837457:A/G,Patient-4,germline,1
chr5:170837543:C/CTCTG,Patient-1,germline,0
chr5:170837543:C/CTCTG,Patient-2,germline,0
chr5:170837543:C/CTCTG,Patient-3,germline,1
chr5:170837543:C/CTCTG,Patient-4,germline,0
chr7:140426257:A/G,Patient-1,germline,2
chr7:140426257:A/G,Patient-2,germline,0
chr7:140426257:A/G,Patient-3,germline,1
chr7:140426257:A/G,Patient-4,germline,0
chr7:140500135:C/T,Patient-1,germline,0
chr7:140500135:C/T,Patient-2,germline,0
chr7:140500135:C/T,Patient-3,germline,1
chr7:140500135:C/T,Patient-4,germline,2
chr7:140534267:C/T,Patient-1,germline,0
chr7:140534267:C/T,Patient-2,germline,0
chr7:140534267:C/T,Patient-3,germline,1
chr7:140534267:C/T,Patient-4,germline,2
chr7:148506064:A/G,Patient-1,germline,2
chr7:148506064:A/G,Patient-2,germline,1
chr7:148506064:A/G,Patient-3,germline,2
chr7:148506064:A/G,Patient-4,germline,2
chr7:148543525:A/G,Patient-1,germline,0
chr7:148543525:A/G,Patient-2,germline,1
chr7:148543525:A/G,Patient-3,germline,1
chr7:148543525:A/G,Patient-4,germline,2
chr7:151949068:C/G,Patient-1,germline,0
chr7:151949068:C/G,Patient-2,germline,1
chr7:151949068:C/G,Patient-3,germline,0
chr7:151949068:C/G,Patient-4,germline,0
chr8:117864217:A/G,Patient-1,germline,1
chr8:117864217:A/G,Patient-2,germline,0
chr8:117864217:A/G,Patient-3,germline,0
chr8:117864217:A/G,Patient-4,germline,2
chr8:128750540:A/G,Patient-1,germline,0
chr8:128750540:A/G,Patient-2,germline,1
chr8:128750540:A/G,Patient-3,germline,0
chr8:128750540:A/G,Patient-4,germline,0
chr8:137051387:A/G,Patient-1,germline,1
chr8:137051387:A/G,Patient-2,germline,1
chr8:137051387:A/G,Patient-3,germline,2
chr8:137051387:A/G,Patient-4,germline,1
chr9:5054706:A/G,Patient-1,germline,0
chr9:5054706:A/G,Patient-2,germline,0
chr9:5054706:A/G,Patient-3,germline,0
chr9:5054706:A/G,Patient-4,germline,0
chr9:5081780:G/A,Patient-1,germline,0
chr9:5081780:G/A,Patient-2,germline,1
chr9:5081780:G/A,Patient-3,germline,2
chr9:5081780:G/A,Patient-4,germline,0
chr10:129653920:C/A,Patient-1,germline,1
chr10:129653920:C/A,Patient-2,germline,1
chr10:129653920:C/A,Patient-3,germline,2
chr10:129653920:C/A,Patient-4,germline,1
chr11:32410774:A/G,Patient-1,germline,1
chr11:32410774:A/G,Patient-2,germline,1
chr11:32410774:A/G,Patient-3,germline,0
chr11:32410774:A/G,Patient-4,germline,1
chr11:32417945:T/C,Patient-1,germline,1
chr11:32417945:T/C,Patient-2,germline,1
chr11:32417945:T/C,Patient-3,germline,0
chr11:32417945:T/C,Patient-4,germline,0
chr11:119148573:G/T,Patient-1,germline,2
chr11:119148573:G/T,Patient-2,germline,0
chr11:119148573:G/T,Patient-3,germline,2
chr11:119148573:G/T,Patient-4,germline,1
chr11:119155618:G/T,Patient-1,germline,2
chr11:119155618:G/T,Patient-2,germline,0
chr11:119155618:G/T,Patient-3,germline,1
chr11:119155618:G/T,Patient-4,germline,1
chr12:12006363:G/C,Patient-1,germline,0
chr12:12006363:G/C,Patient-2,germline,0
chr12:12006363:G/C,Patient-3,germline,0
chr12:12006363:G/C,Patient-4,germline,0
chr12:12038908:T/C,Patient-1,germline,0
chr12:12038908:T/C,Patient-2,germline,0
chr12:12038908:T/C,Patient-3,germline,0
chr12:12038908:T/C,Patient-4,germline,0
chr12:49427919:T/C,Patient-1,germline,0
chr12:49427919:T/C,Patient-2,germline,0
chr12:49427919:T/C,Patient-3,germline,0
chr12:49427919:T/C,Patient-4,germline,1
chr12:112926888:G/C,Patient-1,germline,0
chr12:112926888:G/C,Patient-2,germline,0
chr12:112926888:G/C,Patient-3,germline,0
chr12:112926888:G/C,Patient-4,germline,0
chr13:28608223:./TCATATTCATATTCTCTGAAA,Patient-1,germline,0
chr13:28608223:./TCATATTCATATTCTCTGAAA,Patient-2,germline,0
chr13:28608223:./TCATATTCATATTCTCTGAAA,Patient-3,germline,1
chr13:28608223:./TCATATTCATATTCTCTGAAA,Patient-4,germline,0
chr13:28608223:./TCCCATTTGAGATCATATTCG,Patient-1,germline,0
chr13:28608223:./TCCCATTTGAGATCATATTCG,Patient-2,germline,0
chr13:28608223:./TCCCATTTGAGATCATATTCG,Patient-3,germline,0
chr13:28608223:./TCCCATTTGAGATCATATTCG,Patient-4,germline,0
chr13:28608252:./AAATCAACGTAGAAGTACTCATTATCTGAGGAGCCGGTCACTCTCCGCCC,Patient-1,germline,0
chr13:28608252:./AAATCAACGTAGAAGTACTCATTATCTGAGGAGCCGGTCACTCTCCGCCC,Patient-2,germline,0
chr13:28608252:./AAATCAACGTAGAAGTACTCATTATCTGAGGAGCCGGTCACTCTCCGCCC,Patient-3,germline,0
chr13:28608252:./AAATCAACGTAGAAGTACTCATTATCTGAGGAGCCGGTCACTCTCCGCCC,Patient-4,germline,0
chr13:38359927:C/T,Patient-1,germline,2
chr13:38359927:C/T,Patient-2,germline,1
chr13:38359927:C/T,Patient-3,germline,2
chr13:38359927:C/T,Patient-4,germline,1
chr15:37273292:T/C,Patient-1,germline,1
chr15:37273292:T/C,Patient-2,germline,0
chr15:37273292:T/C,Patient-3,germline,0
chr15:37273292:T/C,Patient-4,germline,1
chr15:90631774:C/T,Patient-1,germline,0
chr15:90631774:C/T,Patient-2,germline,1
chr15:90631774:C/T,Patient-3,germline,0
chr15:90631774:C/T,Patient-4,germline,0
chr16:15813211:G/T,Patient-1,germline,1
chr16:15813211:G/T,Patient-2,germline,2
chr16:15813211:G/T,Patient-3,germline,0
chr16:15813211:G/T,Patient-4,germline,2
chr16:15820863:C/T,Patient-1,germline,1
chr16:15820863:C/T,Patient-2,germline,0
chr16:15820863:C/T,Patient-3,germline,2
chr16:15820863:C/T,Patient-4,germline,0
chr16:15838940:G/C,Patient-1,germline,1
chr16:15838940:G/C,Patient-2,germline,0
chr16:15838940:G/C,Patient-3,germline,2
chr16:15838940:G/C,Patient-4,germline,2
chr16:15839034:G/A,Patient-1,germline,1
chr16:15839034:G/A,Patient-2,germline,0
chr16:15839034:G/A,Patient-3,germline,2
chr16:15839034:G/A,Patient-4,germline,0
chr16:15850204:A/G,Patient-1,germline,1
chr16:15850204:A/G,Patient-2,germline,0
chr16:15850204:A/G,Patient-3,germline,2
chr16:15850204:A/G,Patient-4,germline,0
chr16:15853596:C/G,Patient-1,germline,1
chr16:15853596:C/G,Patient-2,germline,0
chr16:15853596:C/G,Patient-3,germline,2
chr16:15853596:C/G,Patient-4,germline,0
chr16:15865472:G/A,Patient-1,germline,0
chr16:15865472:G/A,Patient-2,germline,0
chr16:15865472:G/A,Patient-3,germline,0
chr16:15865472:G/A,Patient-4,germline,2
chr16:15870032:A/G,Patient-1,germline,0
chr16:15870032:A/G,Patient-2,germline,0
chr16:15870032:A/G,Patient-3,germline,1
chr16:15870032:A/G,Patient-4,germline,0
chr16:15872609:A/G,Patient-1,germline,1
chr16:15872609:A/G,Patient-2,germline,1
chr16:15872609:A/G,Patient-3,germline,0
chr16:15872609:A/G,Patient-4,germline,0
chr16:15917197:G/A,Patient-1,germline,1
chr16:15917197:G/A,Patient-2,germline,0
chr16:15917197:G/A,Patient-3,germline,0
chr16:15917197:G/A,Patient-4,germline,0
chr16:63753550:C/A,Patient-1,germline,1
chr16:63753550:C/A,Patient-2,germline,1
chr16:63753550:C/A,Patient-3,germline,0
chr16:63753550:C/A,Patient-4,germline,0
chr17:7577427:G/A,Patient-1,germline,1
chr17:7577427:G/A,Patient-2,germline,0
chr17:7577427:G/A,Patient-3,germline,1
chr17:7577427:G/A,Patient-4,germline,0
chr17:7578115:T/C,Patient-1,germline,2
chr17:7578115:T/C,Patient-2,germline,1
chr17:7578115:T/C,Patient-3,germline,2
chr17:7578115:T/C,Patient-4,germline,1
chr17:7578146:T/C,Patient-1,germline,0
chr17:7578146:T/C,Patient-2,germline,0
chr17:7578146:T/C,Patient-3,germline,0
chr17:7578146:T/C,Patient-4,germline,1
chr17:7579472:G/C,Patient-1,germline,1
chr17:7579472:G/C,Patient-2,germline,1
chr17:7579472:G/C,Patient-3,germline,2
chr17:7579472:G/C,Patient-4,germline,1
chr17:29508775:G/A,Patient-1,germline,2
chr17:29508775:G/A,Patient-2,germline,1
chr17:29508775:G/A,Patient-3,germline,2
chr17:29508775:G/A,Patient-4,germline,2
chr17:29553485:G/A,Patient-1,germline,0
chr17:29553485:G/A,Patient-2,germline,1
chr17:29553485:G/A,Patient-3,germline,0
chr17:29553485:G/A,Patient-4,germline,0
chr17:29679246:G/A,Patient-1,germline,2
chr17:29679246:G/A,Patient-2,germline,1
chr17:29679246:G/A,Patient-3,germline,2
chr17:29679246:G/A,Patient-4,germline,2
chr17:40483389:T/C,Patient-1,germline,1
chr17:40483389:T/C,Patient-2,germline,0
chr17:40483389:T/C,Patient-3,germline,0
chr17:40483389:T/C,Patient-4,germline,0
chr17:58740503:G/GA,Patient-1,germline,1
chr17:58740503:G/GA,Patient-2,germline,0
chr17:58740503:G/GA,Patient-3,germline,0
chr17:58740503:G/GA,Patient-4,germline,0
chr17:58740558:A/G,Patient-1,germline,0
chr17:58740558:A/G,Patient-2,germline,0
chr17:58740558:A/G,Patient-3,germline,0
chr17:58740558:A/G,Patient-4,germline,0
chr19:24520420:G/A,Patient-1,germline,1
chr19:24520420:G/A,Patient-2,germline,0
chr19:24520420:G/A,Patient-3,germline,0
chr19:24520420:G/A,Patient-4,germline,0
chr20:31023108:G/A,Patient-1,germline,0
chr20:31023108:G/A,Patient-2,germline,0
chr20:31023108:G/A,Patient-3,germline,1
chr20:31023108:G/A,Patient-4,germline,0
chr21:36206818:G/A,Patient-1,germline,0
chr21:36206818:G/A,Patient-2,germline,0
chr21:36206818:G/A,Patient-3,germline,0
chr21:36206818:G/A,Patient-4,germline,2
chr21:39739478:A/G,Patient-1,germline,0
chr21:39739478:A/G,Patient-2,germline,1
chr21:39739478:A/G,Patient-3,germline,0
chr21:39739478:A/G,Patient-4,germline,0
chr21:39755976:T/A,Patient-1,germline,0
chr21:39755976:T/A,Patient-2,germline,1
chr21:39755976:T/A,Patient-3,germline,0
chr21:39755976:T/A,Patient-4,germline,0
chr21:39764437:T/C,Patient-1,germline,0
chr21:39764437:T/C,Patient-2,germline,2
chr21:39764437:T/C,Patient-3,germline,0
chr21:39764437:T/C,Patient-4,germline,1
chr21:39870310:G/A,Patient-1,germline,2
chr21:39870310:G/A,Patient-2,germline,2
chr21:39870310:G/A,Patient-3,germline,2
chr21:39870310:G/A,Patient-4,germline,1
chr22:29130458:T/C,Patient-1,germline,0
chr22:29130458:T/C,Patient-2,germline,1
chr22:29130458:T/C,Patient-3,germline,0
chr22:29130458:T/C,Patient-4,germline,0
chr22:30738587:T/C,Patient-1,germline,2
chr22:30738587:T/C,Patient-2,germline,1
chr22:30738587:T/C,Patient-3,germline,1
chr22:30738587:T/C,Patient-4,germline,1
chrX:15836648:T/G,Patient-1,germline,2
chrX:15836648:T/G,Patient-2,germline,1
chrX:15836648:T/G,Patient-3,germline,2
chrX:15836648:T/G,Patient-4,germline,2
chrX:15838366:C/T,Patient-1,germline,2
chrX:15838366:C/T,Patient-2,germline,1
chrX:15838366:C/T,Patient-3,germline,2
chrX:15838366:C/T,Patient-4,germline,2
chrX:39913173:G/GT,Patient-1,germline,0
chrX:39913173:G/GT,Patient-2,germline,0
chrX:39913173:G/GT,Patient-3,germline,0
chrX:39913173:G/GT,Patient-4,germline,0
chrX:44833841:C/A,Patient-1,germline,0
chrX:44833841:C/A,Patient-2,germline,1
chrX:44833841:C/A,Patient-3,germline,2
chrX:44833841:C/A,Patient-4,germline,2
chrX:44929077:C/A,Patient-1,germline,0
chrX:44929077:C/A,Patient-2,germline,1
chrX:44929077:C/A,Patient-3,germline,2
chrX:44929077:C/A,Patient-4,germline,0
chrX:44938563:G/A,Patient-1,germline,0
chrX:44938563:G/A,Patient-2,germline,0
chrX:44938563:G/A,Patient-3,germline,0
chrX:44938563:G/A,Patient-4,germline,1
chrX:47066330:C/T,Patient-1,germline,1
chrX:47066330:C/T,Patient-2,germline,1
chrX:47066330:C/T,Patient-3,germline,0
chrX:47066330:C/T,Patient-4,germline,0
